MatrixSize,GPU_Time(s),CPU_Time(s),Mismatches
256,0.000938,0.013626,0
512,0.001440,0.227602,0
1024,0.006419,3.880444,0
2048,0.047754,37.969806,0
