MatrixSize,GPU_Time(s),CPU_Time(s),Mismatches
256,0.000953,0.014115,0
512,0.001352,0.233249,0
1024,0.003064,1.340251,0
2048,0.016920,44.541257,0
