MatrixSize,GPU_Time(s),CPU_Time(s),Mismatches
256,0.000623,0.013564,0
512,0.001655,0.236822,0
1024,0.006882,3.664967,0
