MatrixSize,GPU_Time(s),CPU_Time(s),Mismatches
256,0.004961,0.013921,0
512,0.005303,0.240350,0
1024,0.005356,3.946169,0
2048,0.008750,42.914276,0
