MatrixSize,GPU_Time(s),CPU_Time(s),Mismatches
256,0.001425,0.013799,0
512,0.002176,0.232981,0
1024,0.004438,3.987513,0
2048,0.026078,45.109630,0
