MatrixSize,GPU_Time(s),CPU_Time(s),Mismatches
256,0.001615,0.029833,0
512,0.004370,0.499694,0
1024,0.024589,4.222513,0
2048,0.190231,46.587104,0
