MatrixSize,GPU_Time(s),CPU_Time(s),Mismatches
256,0.001088,0.030542,0
512,0.003749,0.513653,0
1024,0.024812,0.939713,0
2048,0.191336,50.093221,0
