Size, Avg_GPU_Time(s), Avg_CPU_Time(s), Avg_Mismatches
32, 0.000000, 0.000000, 0.000000
64, 0.000000, 0.000000, 0.000000
128, 0.000000, 0.000000, 0.000000
256, 0.000000, 0.000000, 0.000000
512, 0.000000, 0.000000, 0.000000
1024, 0.000000, 0.000000, 0.000000
2048, 0.000000, 0.000000, 0.000000
4096, 0.000000, 0.000000, 0.000000
